ResiduePair,Beta,MeanFreq,Beta_x_MeanFreq
111-368,-0.0,1.3398333333333334,-0.0
111-370,-0.0,0.006,-0.0
111-374,0.0,0.007333333333333333,0.0
112-363,0.0,0.008666666666666666,0.0
112-367,0.0,0.0006666666666666666,0.0
112-368,-0.0,6.7211121693121685,-0.0
112-370,-0.0,1.2419444444444443,-0.0
112-371,-0.0,0.07333333333333333,-0.0
112-374,0.0,1.3015555555555556,0.0
113-295,-0.0,0.0006666666666666666,-0.0
113-296,-0.0,0.087,-0.0
113-298,-0.0,0.10266666666666667,-0.0
113-363,-0.0,1.5799190476190477,-0.0
113-364,-0.0,0.49216666666666664,-0.0
113-365,0.0,0.0013333333333333333,0.0
113-366,-0.0,0.004,-0.0
113-367,-0.0,1.1165888888888889,-0.0
113-368,0.0,9.553953174603176,0.0
113-370,-0.0,5.041381216931216,-0.0
113-371,-0.0,0.3621111111111111,-0.0
113-374,-0.0,0.52,-0.0
116-295,0.0,3.011750529100529,0.0
116-296,-0.0,19.109920105820105,-0.0
116-297,0.0,0.025333333333333333,0.0
116-298,0.0,22.43434894179894,0.0
116-344,0.0,0.024666666666666667,0.0
116-346,0.0,3.2433198412698414,0.0
116-363,-0.0,18.544892328042327,-0.0
116-364,-0.0,19.05213915343915,-0.0
116-365,0.0,4.5091,0.0
116-366,0.0,1.6079444444444446,0.0
116-367,0.0,26.98696772486772,0.0
116-368,0.04926736538907195,18.099380158730156,0.8917087755958777
116-370,0.0,8.990748941798941,0.0
116-371,0.0,0.3128888888888889,0.0
116-374,-0.0,0.222,-0.0
117-296,-0.0,0.0013333333333333333,-0.0
117-298,0.0,0.005333333333333333,0.0
123-293,-0.0,0.435,-0.0
123-296,0.0,12.487611904761907,0.0
123-297,-0.0,33.968070105820104,-0.0
123-298,-0.04538848419656104,153.74498783068785,-6.978251950453645
123-341,0.0,0.092,0.0
123-342,-0.0,2.764088888888889,-0.0
123-344,0.0,214.80963306878306,0.0
123-346,-0.0,163.21401455026455,-0.0
123-363,0.0,3.772468783068783,0.0
123-364,0.0,14.957396296296297,0.0
123-365,0.0,27.074411375661377,0.0
123-366,0.03311342699930929,6.425444444444445,0.2127684855492286
123-367,0.0,5.961555555555556,0.0
123-368,-0.0,0.0013333333333333333,-0.0
123-379,-0.0,0.008666666666666666,-0.0
123-381,-0.0,1.0187777777777778,-0.0
123-406,-0.22849569680275794,93.44936428571428,-21.352777608239048
123-407,0.0,0.7749838624338624,0.0
123-408,-0.0,5.209007142857143,-0.0
125-341,-0.0,0.006666666666666667,-0.0
125-342,0.0,0.7236666666666667,0.0
125-344,0.0,28.80085,0.0
125-381,0.0,0.0,0.0
125-406,-0.0,7.506357671957671,-0.0
125-408,0.0,0.0013333333333333333,0.0
126-342,0.0,0.0033333333333333335,0.0
126-344,0.0,5.324544444444443,0.0
127-342,-0.0,0.3623666666666667,-0.0
127-344,0.0,3.6802166666666665,0.0
127-381,0.0,0.6779444444444445,0.0
137-296,0.0,0.112,0.0
137-298,0.0,2.541333333333333,0.0
138-268,0.0,0.0,0.0
138-269,0.0,0.0,0.0
138-296,0.0,0.0,0.0
138-297,0.0,0.0,0.0
138-298,0.0,1.636077777777778,0.0
141-224,0.0,0.0,0.0
141-248,0.0,0.0,0.0
141-249,0.0,0.0,0.0
141-250,0.0,0.006666666666666667,0.0
141-268,0.0,0.0,0.0
141-296,0.0,0.0,0.0
141-297,0.0,3.904906349206349,0.0
141-298,-0.0,4.545252645502646,-0.0
141-341,-0.0,1.0776666666666668,-0.0
141-342,-0.0,0.37211111111111106,-0.0
141-344,-0.0,16.670520370370372,-0.0
141-346,-0.0,0.23433333333333334,-0.0
141-365,0.0,0.029333333333333333,0.0
141-381,0.0,0.0,0.0
141-406,-0.0,26.151385714285713,-0.0
141-407,-0.0,0.034,-0.0
141-408,-0.0,1.6420042328042328,-0.0
144-222,0.0,0.0,0.0
144-224,0.0,0.0,0.0
144-248,0.0,0.0,0.0
144-249,-0.0,0.42533333333333334,-0.0
144-250,-0.0,6.062429365079365,-0.0
144-253,-0.0,1.8254746031746032,-0.0
144-266,0.0,0.0,0.0
144-267,0.0,0.0,0.0
144-268,0.0,0.0,0.0
144-269,0.0,0.0,0.0
144-295,0.0,0.002,0.0
144-296,0.0,0.0006666666666666666,0.0
144-297,0.0,6.576111111111111,0.0
144-298,-0.0,0.058,-0.0
144-315,-0.0,1.039,-0.0
144-340,-0.0,1.074,-0.0
144-341,-0.03781347962630783,34.077222222222225,-1.2885783482211646
144-342,-0.0,6.3102222222222215,-0.0
144-344,-0.0,22.985733333333332,-0.0
144-346,-0.0,0.3536666666666667,-0.0
144-363,0.0,0.0,0.0
144-364,0.0,0.0,0.0
144-365,0.0,0.009333333333333334,0.0
144-366,0.0,0.0,0.0
144-367,0.0,0.0,0.0
144-379,0.0,0.0,0.0
144-381,0.0,0.02666666666666667,0.0
144-406,-0.0,29.540996825396824,-0.0
144-407,-0.0,18.12742962962963,-0.0
144-408,0.0,18.011369312169315,0.0
146-195,0.0,0.0,0.0
146-222,0.0,0.0,0.0
146-224,0.0,0.057,0.0
146-225,0.0,0.0,0.0
146-226,0.0,0.0,0.0
146-248,0.0,2.090333333333333,0.0
146-249,-0.0,6.775711111111112,-0.0
146-250,0.0,18.62269814814815,0.0
146-253,0.0,0.608,0.0
146-264,0.0,0.0,0.0
146-265,0.0,0.0,0.0
146-266,0.0,0.002,0.0
146-267,0.0,0.0,0.0
146-268,0.0,0.0,0.0
146-269,0.0,0.0,0.0
146-270,0.0,0.0,0.0
146-271,0.0,0.0,0.0
146-293,0.0,0.0,0.0
146-295,0.0,0.028,0.0
146-296,0.0,1.2643333333333333,0.0
146-297,0.0,10.893924074074073,0.0
146-298,-0.0,1.1007222222222224,-0.0
146-340,0.0,0.0,0.0
146-341,-0.0,0.03,-0.0
146-342,0.0,0.0,0.0
146-344,0.0,6.042,0.0
146-346,0.0,0.03866666666666667,0.0
146-363,0.0,0.0,0.0
146-364,0.0,0.0,0.0
146-365,0.0,0.0,0.0
146-366,0.0,0.0,0.0
146-367,0.0,0.0,0.0
146-381,0.0,0.0,0.0
146-406,-0.0,6.58,-0.0
146-407,-0.0,1.3706666666666667,-0.0
146-408,-0.0,8.276533333333333,-0.0
148-195,0.0,0.0,0.0
148-222,0.0,0.04666666666666667,0.0
148-224,-0.0,6.725888888888889,-0.0
148-225,-0.0,0.20733333333333334,-0.0
148-226,-0.0,0.09866666666666667,-0.0
148-248,-0.0,11.812222222222221,-0.0
148-249,0.0,8.286777777777777,0.0
148-250,0.0,9.692277777777779,0.0
148-253,0.0,0.0,0.0
148-264,0.0,0.0,0.0
148-265,0.0,0.0,0.0
148-266,0.0,0.03266666666666666,0.0
148-267,0.0,0.0,0.0
148-268,-0.0,0.0006666666666666666,-0.0
148-269,0.0,0.0,0.0
148-270,0.0,0.0,0.0
148-271,0.0,0.0,0.0
148-293,-0.0,0.01,-0.0
148-295,0.0,1.119888888888889,0.0
148-296,0.0,5.107066666666667,0.0
148-297,-0.0,22.24983941798942,-0.0
148-298,0.0,1.541433333333333,0.0
148-341,0.0,0.0,0.0
148-342,0.0,0.0,0.0
148-344,0.0,0.010666666666666666,0.0
148-346,0.0,0.006666666666666667,0.0
148-363,0.0,0.0,0.0
148-364,0.0,0.0,0.0
148-365,0.0,0.0,0.0
148-367,0.0,0.0,0.0
148-406,0.0,0.19,0.0
148-407,0.0,0.0,0.0
148-408,-0.0,0.8792222222222221,-0.0
149-224,0.0,0.020666666666666667,0.0
149-248,0.0,0.738,0.0
149-249,0.0,0.043333333333333335,0.0
149-250,0.0,0.026,0.0
149-265,0.0,0.0,0.0
149-267,0.0,0.0,0.0
149-268,0.0,0.0,0.0
149-269,0.0,0.0,0.0
149-270,0.0,0.0,0.0
149-271,0.0,0.0,0.0
149-295,-0.0,0.004666666666666667,-0.0
149-296,0.0,3.3237777777777775,0.0
149-297,-0.0,12.984204761904762,-0.0
149-298,-0.0,1.3474444444444444,-0.0
149-344,0.0,0.0,0.0
150-195,0.0,0.0,0.0
150-196,0.0,0.0,0.0
150-222,0.0,0.08733333333333333,0.0
150-224,-0.0,19.608515079365077,-0.0
150-225,-0.0,1.551,-0.0
150-226,-0.0,0.088,-0.0
150-248,0.0,9.424555555555555,0.0
150-249,0.0,2.122,0.0
150-250,0.0,0.7573333333333333,0.0
150-265,0.0,0.0,0.0
150-266,0.0,0.0,0.0
150-267,0.0,0.0,0.0
150-268,0.0,0.0,0.0
150-269,0.0,0.0,0.0
150-270,0.0,0.0,0.0
150-271,0.0,0.0,0.0
150-293,-0.0,0.010666666666666666,-0.0
150-295,-0.0,9.023011111111112,-0.0
150-296,-0.10266610374360476,48.2306664021164,-4.9516546004628745
150-297,-0.16763636611124802,123.43995370370371,-20.69302527182958
150-298,-0.019610534838318875,43.29511560846561,-0.8490403729688581
150-341,0.0,0.0,0.0
150-344,-0.0,0.01,-0.0
150-346,0.0,0.269,0.0
150-363,0.0,0.0,0.0
150-364,0.0,0.0,0.0
150-365,0.0,0.0,0.0
150-367,0.0,0.0,0.0
150-406,-0.0,1.2094444444444443,-0.0
150-408,0.0,0.209,0.0
151-195,0.0,0.0,0.0
151-222,-0.0,0.020666666666666667,-0.0
151-224,-0.0,11.024493915343914,-0.0
151-225,-0.0,3.686066666666667,-0.0
151-226,0.0,1.7390333333333334,0.0
151-248,0.0,0.8115,0.0
151-249,0.0,0.18733333333333332,0.0
151-250,0.0,0.13766666666666666,0.0
151-266,0.0,0.0,0.0
151-267,0.0,0.0,0.0
151-268,0.0,0.0,0.0
151-269,0.0,0.0,0.0
151-270,0.0,0.0,0.0
151-271,0.0,0.0,0.0
151-293,-0.0,5.243,-0.0
151-295,-0.0,25.712220899470896,-0.0
151-296,0.0,171.8278388888889,0.0
151-297,-0.05250978196748335,231.95879444444444,-12.180105721718066
151-298,0.0,186.9971314814815,0.0
151-341,0.0,0.0,0.0
151-342,0.0,0.0,0.0
151-344,-0.0,10.008888888888889,-0.0
151-346,-0.0,12.186661904761905,-0.0
151-363,0.0,1.04,0.0
151-364,0.0,3.5952222222222225,0.0
151-365,-0.0,1.3193333333333332,-0.0
151-366,0.0,0.0,0.0
151-367,0.0,0.08933333333333333,0.0
151-406,-0.0,17.825977777777776,-0.0
151-408,0.0,3.0436666666666667,0.0
153-195,0.0,0.0,0.0
153-196,0.0,0.0,0.0
153-222,-0.0,0.5383333333333333,-0.0
153-224,-0.0,30.773081746031743,-0.0
153-225,-0.0,15.496924603174604,-0.0
153-226,-0.04232511266118773,35.683733333333336,-1.5103180335051134
153-248,-0.0,13.076725132275131,-0.0
153-249,-0.0,25.523645502645504,-0.0
153-250,-0.0,45.08151851851852,-0.0
153-253,-0.0,12.705310846560849,-0.0
153-255,0.0,0.104,0.0
153-264,-0.0,0.11188888888888887,-0.0
153-265,0.0,0.0,0.0
153-266,-0.0,1.2871367724867724,-0.0
153-267,0.0,0.0,0.0
153-268,0.0,0.0,0.0
153-269,0.0,0.0,0.0
153-270,0.0,0.0,0.0
153-271,0.0,0.0,0.0
153-292,-0.0,9.39772433862434,-0.0
153-293,-0.02738501671007489,83.96883888888888,-2.2994880560978084
153-295,-0.0,16.62083783068783,-0.0
153-296,-0.0,80.21677037037036,-0.0
153-297,0.0,364.9936666666667,0.0
153-298,-0.0,150.40367407407405,-0.0
153-303,-0.0,0.15466666666666667,-0.0
153-315,0.0,11.438777777777776,0.0
153-338,0.0,0.0,0.0
153-340,-0.0,0.14533333333333334,-0.0
153-341,-0.0,10.534771428571428,-0.0
153-342,-0.025014532158249777,7.797833333333332,-0.1950591526813387
153-344,-0.0,52.54996878306878,-0.0
153-346,-0.005644545718548548,54.230380952380955,-0.30610586462001865
153-363,-0.0,7.793333333333333,-0.0
153-364,-0.03908127658054637,21.868211111111112,-0.8546376067551107
153-365,-0.0,17.345,-0.0
153-366,0.0,3.884333333333333,0.0
153-367,0.0,1.858,0.0
153-368,0.0,0.0,0.0
153-377,0.0,0.0,0.0
153-379,0.0,0.0,0.0
153-381,0.0,0.43866666666666665,0.0
153-406,0.0,231.11769629629632,0.0
153-407,0.03572518532688511,88.79975925925928,3.1723878565198196
153-408,-0.0017360836000830143,251.81858730158729,-0.4371781196103585
156-222,0.0,0.0,0.0
156-224,-0.0,0.014666666666666666,-0.0
156-225,-0.0,0.10577777777777779,-0.0
156-226,-0.0,0.6869000000000001,-0.0
156-248,0.0,0.0,0.0
156-249,0.0,0.0,0.0
156-250,0.0,0.310852380952381,0.0
156-268,0.0,0.0,0.0
156-271,0.0,0.0,0.0
156-293,0.0,16.748854497354497,0.0
156-295,0.0,4.379193650793651,0.0
156-296,-0.0,96.52061534391535,-0.0
156-297,-0.0,233.30211455026455,-0.0
156-298,0.0,290.57141481481483,0.0
156-315,0.0,0.21066666666666667,0.0
156-340,0.0,0.0,0.0
156-341,0.0,2.583666666666667,0.0
156-342,-0.0,4.575011111111111,-0.0
156-344,0.03764021639476359,155.00445634920635,5.834401279136814
156-346,0.04768278258478094,135.79221005291006,6.474950428659815
156-363,0.0,7.323133333333334,0.0
156-364,0.0,20.773166666666665,0.0
156-365,0.0,20.602955555555553,0.0
156-366,0.0,6.279555555555555,0.0
156-367,0.0,10.592333333333332,0.0
156-379,0.0,0.0,0.0
156-381,-0.0,0.14433333333333334,-0.0
156-406,-0.0,178.97076931216932,-0.0
156-407,0.0,15.789891005291004,0.0
156-408,-0.0,47.525787566137566,-0.0
157-248,0.0,0.0,0.0
157-268,0.0,0.0,0.0
157-293,-0.0,0.016,-0.0
157-295,0.0,7.1786962962962955,0.0
157-296,-0.19785973320092695,92.89470793650793,-18.38012212809549
157-297,-0.0,59.5523791005291,-0.0
157-298,-0.12778264509764004,184.43234814814815,-23.567253287939202
157-344,-0.0,14.080572751322752,-0.0
157-346,-0.0,20.517652645502643,-0.0
157-363,0.0,0.08666666666666667,0.0
157-364,0.0,2.399766666666667,0.0
157-365,-0.0,2.0815555555555556,-0.0
157-367,-0.0,0.024,-0.0
157-406,-0.0,6.815778306878307,-0.0
157-408,0.0,0.011333333333333334,0.0
160-295,-0.0,1.7524013227513227,-0.0
160-296,0.0,33.382041005291,0.0
160-297,0.0,2.285817195767196,0.0
160-298,-0.2623224109611335,161.08693783068784,-42.25671390609226
160-344,0.0,35.052028306878306,0.0
160-346,-0.07475856450859801,136.7673478835979,-10.224530599425819
160-363,-0.0,72.96996243386243,-0.0
160-364,-0.0,92.40029867724868,-0.0
160-365,-0.0,89.00991375661376,-0.0
160-366,0.0,26.687251851851855,0.0
160-367,-0.0,59.82864947089947,-0.0
160-368,0.0,3.275551587301588,0.0
160-370,-0.0,0.8651666666666666,-0.0
160-379,-0.0,0.07866666666666666,-0.0
160-381,-0.0,0.24666666666666667,-0.0
160-406,-0.0,1.2819542328042328,-0.0
165-298,-0.0,0.009333333333333334,-0.0
165-346,-0.0,0.002,-0.0
165-363,-0.0,5.207351058201058,-0.0
165-364,-0.0,3.010110846560847,-0.0
165-365,0.0,0.5551666666666667,0.0
165-366,0.0,1.9989825396825396,0.0
165-367,0.0,29.287164021164024,0.0
165-368,-0.0,97.86384682539683,-0.0
165-370,-0.0,15.845389947089947,-0.0
165-371,-0.0,3.581368253968254,-0.0
165-374,0.04512945387722655,31.776972486772486,1.434077414199696
165-375,-0.0,2.5416,-0.0
165-377,-0.0,0.18666666666666668,-0.0
166-368,0.0,14.306008465608466,0.0
166-370,-0.0,0.007333333333333333,-0.0
166-374,0.0,7.078478835978836,0.0
166-375,-0.0,0.3886111111111111,-0.0
167-332,-0.0,0.9143333333333333,-0.0
167-363,-0.0,0.028,-0.0
167-364,0.0,0.0006666666666666666,0.0
167-366,0.0,0.11366666666666667,0.0
167-367,0.0,3.9912806878306872,0.0
167-368,-0.0,81.65739338624337,-0.0
167-370,0.0,2.6464246031746033,0.0
167-371,-0.0,2.2197833333333334,-0.0
167-374,0.0,67.7803074074074,0.0
167-375,0.012068718256764227,21.93600529100529,0.2647394675360322
167-377,0.0,3.1708878306878305,0.0
167-390,-0.0,0.147,-0.0
169-332,0.0,9.212425396825397,0.0
169-364,-0.0,0.0033333333333333335,-0.0
169-365,0.0,0.43894444444444447,0.0
169-366,-0.0,6.677848941798942,-0.0
169-367,-0.0,18.13054788359788,-0.0
169-368,-0.0,39.118395767195764,-0.0
169-370,0.0,0.002,0.0
169-374,-0.0,27.788255026455026,-0.0
169-375,0.0,19.7658664021164,0.0
169-377,0.0,29.152852116402116,0.0
169-379,0.0,2.317846560846561,0.0
169-390,0.0,1.814698412698413,0.0
170-332,-0.0,9.959264285714285,-0.0
170-334,-0.0,0.008666666666666666,-0.0
170-366,-0.0,2.603203703703704,-0.0
170-367,-0.0,2.362184656084656,-0.0
170-368,-0.0,2.727314021164021,-0.0
170-374,-0.0,4.146666931216931,-0.0
170-375,-0.0,2.8480497354497354,-0.0
170-377,0.0,19.763849735449735,0.0
170-379,-0.0,2.880060317460318,-0.0
170-390,-0.0,0.3328888888888889,-0.0
172-298,-0.0,2.262022751322751,-0.0
172-332,-0.0,0.27366666666666667,-0.0
172-344,-0.0,0.4593333333333333,-0.0
172-346,-0.0,11.893389682539683,-0.0
172-363,-0.07615000580680956,28.72864365079365,-2.187686380829699
172-364,-0.19401892958119243,66.36243148148148,-12.875567920442263
172-365,-0.04340339000520865,73.30959814814815,-3.1818850795491964
172-366,0.0,114.90926349206349,0.0
172-367,-0.0,151.36535291005288,-0.0
172-368,-0.12912196726177325,150.31640052910052,-19.409149348026112
172-370,-0.0,6.21220238095238,-0.0
172-371,-0.0,0.5032015873015873,-0.0
172-374,0.0,19.575615608465608,0.0
172-375,0.0,4.422546031746032,0.0
172-377,0.03598436923673953,50.70028095238095,1.8244176301969084
172-379,0.000640299315831132,29.304526984126987,0.018763668578691453
172-381,0.0,0.11133333333333334,0.0
70-298,0.0,0.020666666666666667,0.0
70-332,-0.0,0.036,-0.0
70-334,0.0,0.0006666666666666666,0.0
70-344,-0.0,0.43666666666666665,-0.0
70-346,-0.0,16.670723544973544,-0.0
70-363,-0.0,3.110278835978836,-0.0
70-364,-0.0940817512527642,49.35631878306879,-4.643528906500811
70-365,-0.0,86.66029867724866,-0.0
70-366,-0.0,116.00800555555556,-0.0
70-367,-0.022007068434446133,118.41398068783069,-2.6059445765922726
70-368,-0.0,35.30796402116402,-0.0
70-374,0.0,1.2166777777777777,0.0
70-375,0.0,0.058,0.0
70-377,-0.0,32.397388624338625,-0.0
70-379,0.0,62.54226851851852,0.0
70-381,0.0,4.15178544973545,0.0
72-332,-0.0,0.5973888888888889,-0.0
72-334,-0.0,0.09766666666666667,-0.0
72-364,-0.0,0.4504261904761905,-0.0
72-365,-0.0,17.466338888888888,-0.0
72-366,-0.0,57.80613677248678,-0.0
72-367,-0.0,24.838670105820103,-0.0
72-368,-0.0,1.1943650793650795,-0.0
72-374,-0.0,0.04533333333333334,-0.0
72-375,-0.0,0.0006666666666666666,-0.0
72-377,-0.0,19.07701402116402,-0.0
72-379,-0.0,47.486510052910056,-0.0
72-381,0.0,6.470023544973545,0.0
75-332,0.0,0.16866666666666666,0.0
75-334,0.0,0.38710978835978826,0.0
75-338,0.0,1.1729793650793652,0.0
75-342,-0.0,0.050333333333333334,-0.0
75-344,0.0,0.011333333333333334,0.0
75-365,0.0,3.241444444444445,0.0
75-366,0.0,13.905301851851851,0.0
75-367,0.0,0.388,0.0
75-377,0.0,2.178268253968254,0.0
75-379,0.0,32.3717753968254,0.0
75-381,0.0,35.81355343915344,0.0
81-338,-0.0,0.002,-0.0
81-342,-0.0,0.03,-0.0
81-379,0.0,0.024,0.0
81-381,-0.0,8.42688253968254,-0.0
82-338,0.0,0.14388888888888887,0.0
82-341,-0.0,0.008333333333333333,-0.0
82-342,-0.0,4.617969047619047,-0.0
82-344,0.0,1.0518211640211639,0.0
82-365,-0.0,0.0033333333333333335,-0.0
82-366,0.0,0.23244444444444443,0.0
82-379,0.0,0.32966666666666666,0.0
82-381,-0.0,35.173226984126984,-0.0
84-298,0.0,6.77696798941799,0.0
84-338,0.0,0.0026666666666666666,0.0
84-341,0.0,0.45866666666666667,0.0
84-342,0.0,17.25413677248677,0.0
84-344,0.0,199.36610000000002,0.0
84-346,-0.4139921023147777,143.77488042328042,-59.521665006489634
84-363,-0.0,1.4615047619047619,-0.0
84-364,-0.0,18.974756878306877,-0.0
84-365,-0.0,89.06685423280423,-0.0
84-366,0.05203397784375801,53.98730714285714,2.809174343715587
84-367,0.0,7.02278492063492,0.0
84-377,0.0,0.011333333333333334,0.0
84-379,0.0,11.910388359788358,0.0
84-381,-0.0,94.00776164021164,-0.0
84-406,-0.0,17.40875873015873,-0.0
88-298,0.0,0.6072333333333333,0.0
88-341,0.0,0.005333333333333333,0.0
88-342,0.0,3.553669841269841,0.0
88-344,-0.0,116.84533359788358,-0.0
88-346,-0.0,14.184867195767195,-0.0
88-364,0.0,0.0006666666666666666,0.0
88-365,-0.0,4.080566137566138,-0.0
88-366,0.0,0.41,0.0
88-381,0.0,6.5775343915343925,0.0
88-406,-0.0,6.767257407407407,-0.0
