ResiduePair,Beta_final,MeanFreq,Beta_x_MeanFreq,SelectionFreq,Robust
111-368,-0.0,0.3494,-0.0,0.0,False
111-370,0.0,0.0006,0.0,0.0,False
111-374,0.0,0.0007333333333333333,0.0,0.0,False
112-363,-0.0,0.0008666666666666666,-0.0,0.0,False
112-367,0.0,6.666666666666667e-05,0.0,0.0,False
112-368,-0.023194874218786243,3.196466666666667,-0.07414164227787627,0.06666666666666667,False
112-370,0.0,0.2004,0.0,0.0,False
112-371,0.0,0.0076,0.0,0.0,False
112-374,-0.249807966591797,0.1534,-0.03832054207518166,0.0,False
113-295,0.0,6.666666666666667e-05,0.0,0.0,False
113-296,-0.0,0.010533333333333334,-0.0,0.0,False
113-298,-0.0,0.012533333333333334,-0.0,0.0,False
113-363,0.0,0.5472666666666667,0.0,0.0,False
113-364,0.0,0.07286666666666666,0.0,0.0,False
113-365,0.0,0.00013333333333333334,0.0,0.0,False
113-366,0.0,0.0004,0.0,0.0,False
113-367,0.0,0.15313333333333334,0.0,0.0,False
113-368,0.08604287502264461,2.822,0.2428129933139031,0.0,False
113-370,0.0,1.9336,0.0,0.0,False
113-371,-0.0,0.044066666666666664,-0.0,0.0,False
113-374,-0.0,0.05213333333333333,-0.0,0.0,False
116-295,-0.0,1.0632,-0.0,0.0,False
116-296,-0.024550707791077115,15.2456,-0.37429027069964527,0.5111111111111111,True
116-297,0.0,0.002533333333333333,0.0,0.0,False
116-298,0.12076288948648016,19.2774,2.3279945257866728,0.6222222222222222,True
116-344,-0.0,0.0024666666666666665,-0.0,0.0,False
116-346,0.0,1.7499333333333333,0.0,0.0,False
116-363,0.02025293028159439,13.904266666666667,0.2816021434166968,0.022222222222222223,False
116-364,-0.06759091674593504,13.550466666666667,-0.9158884643352345,0.28888888888888886,False
116-365,0.0,0.9426666666666667,0.0,0.0,False
116-366,0.0,0.19306666666666666,0.0,0.0,False
116-367,-0.0,11.2136,-0.0,0.3111111111111111,False
116-368,0.06164803962189218,3.652066666666667,0.22514275056845837,0.06666666666666667,False
116-370,-0.07957490338605293,4.125466666666667,-0.3282836114223818,0.3111111111111111,False
116-371,-0.0,0.03573333333333333,-0.0,0.0,False
116-374,0.0,0.0222,0.0,0.0,False
117-296,0.0,0.00013333333333333334,0.0,0.0,False
117-298,0.0,0.0005333333333333334,0.0,0.0,False
123-293,0.0,0.07713333333333333,0.0,0.0,False
123-296,0.11989082666552367,10.6196,1.2731926228571953,0.0,False
123-297,-0.1841732479918462,31.280866666666668,-5.761098813999876,0.4444444444444444,False
123-298,-0.1584011239601187,151.572,-24.009175160883114,1.0,True
123-341,0.0,0.009266666666666666,0.0,0.0,False
123-342,0.0,0.6672,0.0,0.0,False
123-344,0.0,206.65633333333332,0.0,0.28888888888888886,False
123-346,0.16169099855611768,159.37133333333333,25.768910027886548,1.0,True
123-363,0.0,2.970666666666667,0.0,0.0,False
123-364,0.0,10.603666666666667,0.0,0.022222222222222223,False
123-365,-0.1156575085038315,21.251666666666665,-2.4579148182205923,0.1111111111111111,False
123-366,-0.0,0.9817333333333333,-0.0,0.0,False
123-367,0.0,0.6326,0.0,0.0,False
123-368,0.0,0.00013333333333333334,0.0,0.0,False
123-379,0.0,0.0008666666666666666,0.0,0.0,False
123-381,0.0,0.11626666666666667,0.0,0.0,False
123-406,-0.08778498754460037,88.8878,-7.803014415866929,0.8888888888888888,True
123-407,-0.0,0.2896,-0.0,0.0,False
123-408,-0.0,3.6002666666666667,-0.0,0.0,False
125-341,0.0,0.0006666666666666666,0.0,0.0,False
125-342,-0.0,0.07406666666666667,-0.0,0.0,False
125-344,-0.011083649181897769,20.6232,-0.22858031380811408,0.5333333333333333,True
125-381,0.0,0.0,0.0,0.0,False
125-406,-0.07150725185109959,3.478466666666667,-0.24873559198898823,0.4444444444444444,False
125-408,0.0,0.00013333333333333334,0.0,0.0,False
126-342,0.0,0.0003333333333333333,0.0,0.0,False
126-344,-0.0,3.958066666666667,-0.0,0.0,False
127-342,-0.0,0.0792,-0.0,0.0,False
127-344,-0.013891990295019729,2.7169333333333334,-0.03774361149888227,0.0,False
127-381,0.0,0.09686666666666667,0.0,0.0,False
137-296,-0.0,0.0112,-0.0,0.0,False
137-298,-0.0,0.338,-0.0,0.0,False
138-268,0.0,0.0,0.0,0.0,False
138-269,0.0,0.0,0.0,0.0,False
138-296,0.0,0.0,0.0,0.0,False
138-297,0.0,0.0,0.0,0.0,False
138-298,-0.0,0.2734666666666667,-0.0,0.0,False
141-224,0.0,0.0,0.0,0.0,False
141-248,0.0,0.0,0.0,0.0,False
141-249,0.0,0.0,0.0,0.0,False
141-250,0.0,0.0006666666666666666,0.0,0.0,False
141-268,0.0,0.0,0.0,0.0,False
141-296,0.0,0.0,0.0,0.0,False
141-297,0.0,2.1258666666666666,0.0,0.0,False
141-298,-0.0,3.4699333333333335,-0.0,0.0,False
141-341,-0.0,0.1092,-0.0,0.0,False
141-342,-0.0,0.044866666666666666,-0.0,0.0,False
141-344,-0.06602994839316217,8.4002,-0.5546647724922409,0.8,True
141-346,-0.0,0.0238,-0.0,0.0,False
141-365,0.0,0.0029333333333333334,0.0,0.0,False
141-381,0.0,0.0,0.0,0.0,False
141-406,-0.11452605564687228,16.7082,-1.9135242429590715,0.6888888888888889,True
141-407,-0.0,0.0034,-0.0,0.0,False
141-408,0.0,0.407,0.0,0.0,False
144-222,0.0,0.0,0.0,0.0,False
144-224,0.0,0.0,0.0,0.0,False
144-248,0.0,0.0,0.0,0.0,False
144-249,0.0,0.047933333333333335,0.0,0.0,False
144-250,0.21308663804033634,1.3052,0.278120679970247,0.0,False
144-253,-0.0,0.34013333333333334,-0.0,0.0,False
144-266,0.0,0.0,0.0,0.0,False
144-267,0.0,0.0,0.0,0.0,False
144-268,0.0,0.0,0.0,0.0,False
144-269,0.0,0.0,0.0,0.0,False
144-295,0.0,0.0002,0.0,0.0,False
144-296,0.0,6.666666666666667e-05,0.0,0.0,False
144-297,-0.0,1.039,-0.0,0.0,False
144-298,0.0,0.0058,0.0,0.0,False
144-315,-0.0,0.1042,-0.0,0.0,False
144-340,-0.0,0.1074,-0.0,0.0,False
144-341,-0.004184679742160022,4.519466666666666,-0.01891252060536748,0.35555555555555557,False
144-342,-0.12710552281262585,0.8954666666666666,-0.11381875882794602,0.0,False
144-344,-0.09888679111107741,5.248666666666667,-0.5190238042783417,0.8666666666666667,True
144-346,0.0,0.0412,0.0,0.0,False
144-363,0.0,0.0,0.0,0.0,False
144-364,0.0,0.0,0.0,0.0,False
144-365,0.0,0.0009333333333333333,0.0,0.0,False
144-366,0.0,0.0,0.0,0.0,False
144-367,0.0,0.0,0.0,0.0,False
144-379,0.0,0.0,0.0,0.0,False
144-381,0.0,0.0026666666666666666,0.0,0.0,False
144-406,-0.06377222296722952,11.866866666666667,-0.7567764669890504,0.8222222222222222,True
144-407,-0.0,4.6334,-0.0,0.13333333333333333,False
144-408,-0.02164021305461417,3.071066666666667,-0.06645853697159043,0.6,True
146-195,0.0,0.0,0.0,0.0,False
146-222,0.0,0.0,0.0,0.0,False
146-224,-0.0,0.0058,-0.0,0.0,False
146-225,0.0,0.0,0.0,0.0,False
146-226,0.0,0.0,0.0,0.0,False
146-248,0.0,0.2228,0.0,0.0,False
146-249,0.0,1.3552,0.0,0.0,False
146-250,-0.04113132907698294,6.0218,-0.24768463743577587,0.08888888888888889,False
146-253,0.0,0.060866666666666666,0.0,0.0,False
146-264,0.0,0.0,0.0,0.0,False
146-265,0.0,0.0,0.0,0.0,False
146-266,0.0,0.0002,0.0,0.0,False
146-267,0.0,0.0,0.0,0.0,False
146-268,0.0,0.0,0.0,0.0,False
146-269,0.0,0.0,0.0,0.0,False
146-270,0.0,0.0,0.0,0.0,False
146-271,0.0,0.0,0.0,0.0,False
146-293,0.0,0.0,0.0,0.0,False
146-295,0.0,0.0028,0.0,0.0,False
146-296,0.0,0.21,0.0,0.0,False
146-297,0.04864248230181924,6.829066666666667,0.33218275447127704,0.2222222222222222,False
146-298,-0.0,0.21393333333333334,-0.0,0.0,False
146-340,0.0,0.0,0.0,0.0,False
146-341,0.0,0.003,0.0,0.0,False
146-342,0.0,0.0,0.0,0.0,False
146-344,0.0,0.6446666666666667,0.0,0.0,False
146-346,0.0,0.0038666666666666667,0.0,0.0,False
146-363,0.0,0.0,0.0,0.0,False
146-364,0.0,0.0,0.0,0.0,False
146-365,0.0,0.0,0.0,0.0,False
146-366,0.0,0.0,0.0,0.0,False
146-367,0.0,0.0,0.0,0.0,False
146-381,0.0,0.0,0.0,0.0,False
146-406,-0.0,0.9265333333333333,-0.0,0.0,False
146-407,-0.0,0.16013333333333332,-0.0,0.0,False
146-408,-0.02651611298066878,1.5762666666666667,-0.04179646502099551,0.0,False
148-195,0.0,0.0,0.0,0.0,False
148-222,0.0,0.004666666666666667,0.0,0.0,False
148-224,-0.0,1.0696666666666668,-0.0,0.0,False
148-225,0.0,0.020733333333333333,0.0,0.0,False
148-226,0.0,0.009866666666666666,0.0,0.0,False
148-248,-0.0,1.9928,-0.0,0.08888888888888889,False
148-249,-0.0,1.5656,-0.0,0.0,False
148-250,0.0,1.8208,0.0,0.0,False
148-253,0.0,0.0,0.0,0.0,False
148-264,0.0,0.0,0.0,0.0,False
148-265,0.0,0.0,0.0,0.0,False
148-266,-0.0,0.003266666666666667,-0.0,0.0,False
148-267,0.0,0.0,0.0,0.0,False
148-268,0.0,6.666666666666667e-05,0.0,0.0,False
148-269,0.0,0.0,0.0,0.0,False
148-270,0.0,0.0,0.0,0.0,False
148-271,0.0,0.0,0.0,0.0,False
148-293,0.0,0.001,0.0,0.0,False
148-295,0.0,0.14233333333333334,0.0,0.0,False
148-296,0.0,1.3617333333333332,0.0,0.0,False
148-297,-0.09914394101931122,14.381333333333334,-1.4258220637790544,1.0,True
148-298,-0.0,0.3216,-0.0,0.0,False
148-341,0.0,0.0,0.0,0.0,False
148-342,0.0,0.0,0.0,0.0,False
148-344,0.0,0.0010666666666666667,0.0,0.0,False
148-346,0.0,0.0006666666666666666,0.0,0.0,False
148-363,0.0,0.0,0.0,0.0,False
148-364,0.0,0.0,0.0,0.0,False
148-365,0.0,0.0,0.0,0.0,False
148-367,0.0,0.0,0.0,0.0,False
148-406,-0.0,0.019,-0.0,0.0,False
148-407,0.0,0.0,0.0,0.0,False
148-408,-0.0,0.11726666666666667,-0.0,0.0,False
149-224,-0.0,0.0020666666666666667,-0.0,0.0,False
149-248,-0.0,0.0738,-0.0,0.0,False
149-249,-0.0,0.004333333333333333,-0.0,0.0,False
149-250,0.0,0.0026,0.0,0.0,False
149-265,0.0,0.0,0.0,0.0,False
149-267,0.0,0.0,0.0,0.0,False
149-268,0.0,0.0,0.0,0.0,False
149-269,0.0,0.0,0.0,0.0,False
149-270,0.0,0.0,0.0,0.0,False
149-271,0.0,0.0,0.0,0.0,False
149-295,0.0,0.00046666666666666666,0.0,0.0,False
149-296,-0.0,0.5656,-0.0,0.0,False
149-297,-0.0,4.3256,-0.0,0.0,False
149-298,-0.0,0.2296,-0.0,0.0,False
149-344,0.0,0.0,0.0,0.0,False
150-195,0.0,0.0,0.0,0.0,False
150-196,0.0,0.0,0.0,0.0,False
150-222,-0.0,0.008733333333333333,-0.0,0.0,False
150-224,-0.0554292426264357,6.269733333333333,-0.34752657013638477,0.4888888888888889,False
150-225,0.0,0.17326666666666668,0.0,0.0,False
150-226,-0.0,0.0088,-0.0,0.0,False
150-248,-0.0,1.1448666666666667,-0.0,0.0,False
150-249,-0.0,0.21546666666666667,-0.0,0.0,False
150-250,0.0,0.07653333333333333,0.0,0.0,False
150-265,0.0,0.0,0.0,0.0,False
150-266,0.0,0.0,0.0,0.0,False
150-267,0.0,0.0,0.0,0.0,False
150-268,0.0,0.0,0.0,0.0,False
150-269,0.0,0.0,0.0,0.0,False
150-270,0.0,0.0,0.0,0.0,False
150-271,0.0,0.0,0.0,0.0,False
150-293,0.0,0.0010666666666666667,0.0,0.0,False
150-295,-0.0,3.3331333333333335,-0.0,0.0,False
150-296,-0.019756352684012834,33.150866666666666,-0.6549402136473516,0.4888888888888889,False
150-297,-0.01295332756520513,118.08886666666666,-1.5296437717371665,0.6888888888888889,True
150-298,-0.005987209017499675,28.818666666666665,-0.17254338093898394,0.37777777777777777,False
150-341,0.0,0.0,0.0,0.0,False
150-344,0.0,0.001,0.0,0.0,False
150-346,0.0,0.0302,0.0,0.0,False
150-363,0.0,0.0,0.0,0.0,False
150-364,0.0,0.0,0.0,0.0,False
150-365,0.0,0.0,0.0,0.0,False
150-367,0.0,0.0,0.0,0.0,False
150-406,0.0,0.14913333333333334,0.0,0.0,False
150-408,0.0,0.021133333333333334,0.0,0.0,False
151-195,0.0,0.0,0.0,0.0,False
151-222,0.0,0.0020666666666666667,0.0,0.0,False
151-224,0.0,4.578133333333334,0.0,0.0,False
151-225,0.05716331541355856,1.0206,0.05834087971107787,0.0,False
151-226,0.0,0.37273333333333336,0.0,0.0,False
151-248,-0.0,0.093,-0.0,0.0,False
151-249,-0.0,0.019066666666666666,-0.0,0.0,False
151-250,-0.0,0.014066666666666667,-0.0,0.0,False
151-266,0.0,0.0,0.0,0.0,False
151-267,0.0,0.0,0.0,0.0,False
151-268,0.0,0.0,0.0,0.0,False
151-269,0.0,0.0,0.0,0.0,False
151-270,0.0,0.0,0.0,0.0,False
151-271,0.0,0.0,0.0,0.0,False
151-293,-2.797679349676845,0.5355333333333333,-1.498250547730273,0.8,True
151-295,-0.5718119027325582,23.2556,-13.29782888518728,1.0,True
151-296,0.08475940936544206,169.3712,14.35580287551616,0.9111111111111111,True
151-297,-0.07708400901685993,228.47113333333334,-17.611470901958874,1.0,True
151-298,-0.08054396263781541,183.94266666666667,-14.815471271500133,1.0,True
151-341,0.0,0.0,0.0,0.0,False
151-342,0.0,0.0,0.0,0.0,False
151-344,-0.0,3.0134,-0.0,0.0,False
151-346,0.05826772819357933,5.6268,0.3278608529996322,0.0,False
151-363,-0.0,0.1124,-0.0,0.0,False
151-364,-0.0,0.4824,-0.0,0.0,False
151-365,-0.0,0.19266666666666668,-0.0,0.0,False
151-366,0.0,0.0,0.0,0.0,False
151-367,-0.0,0.008933333333333333,-0.0,0.0,False
151-406,-0.4100186549139997,4.414733333333333,-1.8101230231373315,0.9555555555555556,True
151-408,0.0,0.3418,0.0,0.0,False
153-195,0.0,0.0,0.0,0.0,False
153-196,0.0,0.0,0.0,0.0,False
153-222,-0.0,0.057666666666666665,-0.0,0.0,False
153-224,-0.0008464546364559431,21.0708,-0.017835476353835884,0.4,False
153-225,-0.0,5.947066666666666,-0.0,0.2222222222222222,False
153-226,0.0,22.758466666666667,0.0,0.7111111111111111,True
153-248,-0.4195574255207038,7.5672,-3.1748749504002696,0.8,True
153-249,-0.0,19.341466666666665,-0.0,0.6444444444444445,True
153-250,-0.10484711101829397,37.4094,-3.9222675149277664,0.9555555555555556,True
153-253,0.0,9.3534,0.0,0.13333333333333333,False
153-255,0.0,0.011,0.0,0.0,False
153-264,0.0,0.012266666666666667,0.0,0.0,False
153-265,0.0,0.0,0.0,0.0,False
153-266,0.0,0.34773333333333334,0.0,0.0,False
153-267,0.0,0.0,0.0,0.0,False
153-268,0.0,0.0,0.0,0.0,False
153-269,0.0,0.0,0.0,0.0,False
153-270,0.0,0.0,0.0,0.0,False
153-271,0.0,0.0,0.0,0.0,False
153-292,-0.0,2.3383333333333334,-0.0,0.0,False
153-293,-0.03809389834404341,75.8448,-2.889224101124304,0.9777777777777777,True
153-295,0.0,13.832533333333334,0.0,0.022222222222222223,False
153-296,-0.03301345177144431,80.13446666666667,-2.645515350530412,0.6444444444444445,True
153-297,-0.0704836354450028,364.9936666666667,-25.726080541068207,1.0,True
153-298,-0.05798446576097778,150.3176,-8.716085730472354,1.0,True
153-303,-0.0,0.015466666666666667,-0.0,0.0,False
153-315,-0.3922517618520638,1.473,-0.57778684520809,0.8,True
153-338,0.0,0.0,0.0,0.0,False
153-340,0.0,0.014533333333333334,0.0,0.0,False
153-341,0.020614325050285428,3.260466666666667,0.0672123196822873,0.044444444444444446,False
153-342,0.0,2.6041333333333334,0.0,0.0,False
153-344,-0.07995786600373146,34.95153333333333,-2.79465001889162,1.0,True
153-346,0.005672714665538892,45.45486666666667,0.2578524887601149,0.6888888888888889,True
153-363,-0.0,1.8958666666666666,-0.0,0.0,False
153-364,0.0,3.001133333333333,0.0,0.0,False
153-365,0.0,2.747133333333333,0.0,0.0,False
153-366,0.0,0.3918,0.0,0.0,False
153-367,0.0,0.1858,0.0,0.0,False
153-368,0.0,0.0,0.0,0.0,False
153-377,0.0,0.0,0.0,0.0,False
153-379,0.0,0.0,0.0,0.0,False
153-381,0.0,0.043866666666666665,0.0,0.0,False
153-406,-0.0022590300776116432,230.7796,-0.521338057699184,0.5777777777777777,True
153-407,-0.005474123001576071,86.19966666666667,-0.4718675780281901,0.5555555555555556,True
153-408,-0.04281700940433003,235.38546666666667,-10.07850173990928,0.9777777777777777,True
156-222,0.0,0.0,0.0,0.0,False
156-224,-0.0,0.0014666666666666667,-0.0,0.0,False
156-225,-0.0,0.0114,-0.0,0.0,False
156-226,-0.0,0.14493333333333333,-0.0,0.0,False
156-248,0.0,0.0,0.0,0.0,False
156-249,0.0,0.0,0.0,0.0,False
156-250,-0.0,0.0728,-0.0,0.0,False
156-268,0.0,0.0,0.0,0.0,False
156-271,0.0,0.0,0.0,0.0,False
156-293,-0.19792442944443525,14.899533333333334,-2.948981633988345,0.7777777777777778,True
156-295,0.6213974928320972,3.461,2.1506567226918882,0.0,False
156-296,0.04513621610482506,92.08846666666666,4.1565249322286455,0.8222222222222222,True
156-297,-0.06389637809780412,229.58606666666665,-14.669718121720996,0.8444444444444444,True
156-298,0.02992671338487646,289.4394,8.661969966090611,0.5777777777777777,True
156-315,0.0,0.021066666666666668,0.0,0.0,False
156-340,0.0,0.0,0.0,0.0,False
156-341,0.0,0.3032666666666667,0.0,0.0,False
156-342,-0.0,1.6645333333333334,-0.0,0.0,False
156-344,-0.030943516205156466,150.68373333333332,-4.662684544253475,0.7333333333333333,True
156-346,-0.03234151123530133,131.99633333333333,-4.268960897518579,0.4444444444444444,False
156-363,-0.16465261338253992,1.8472,-0.30414630744022775,0.0,False
156-364,-0.05928402268338487,5.8326,-0.3457799907031106,0.6888888888888889,True
156-365,-0.22596227750745848,7.782933333333333,-1.7586493416887155,1.0,True
156-366,0.0,0.6838,0.0,0.0,False
156-367,-0.0,1.0835333333333332,-0.0,0.0,False
156-379,0.0,0.0,0.0,0.0,False
156-381,-0.0,0.0156,-0.0,0.0,False
156-406,-0.025027936112549214,176.5988,-4.419903483952856,0.6888888888888889,True
156-407,-0.0,13.866133333333334,-0.0,0.5111111111111111,True
156-408,-0.07289063695659576,42.6094,-3.105826306338371,0.7777777777777778,True
157-248,0.0,0.0,0.0,0.0,False
157-268,0.0,0.0,0.0,0.0,False
157-293,0.0,0.0016,0.0,0.0,False
157-295,-0.39152263854574604,2.0873333333333335,-0.8172382541911539,0.6666666666666666,True
157-296,-0.09606349802765257,87.9678,-8.450494581796935,1.0,True
157-297,-0.013143445226240676,56.80426666666666,-0.7466037675501023,0.35555555555555557,False
157-298,-0.04293394064070954,181.0292,-7.772296927035135,0.4222222222222222,False
157-344,-0.16351438984333272,9.348666666666666,-1.5286415258487032,0.24444444444444444,False
157-346,0.14693004994758455,12.522533333333334,1.8399364481369591,0.2222222222222222,False
157-363,0.0,0.008866666666666667,0.0,0.0,False
157-364,0.0,0.3804,0.0,0.0,False
157-365,0.0,0.2426,0.0,0.0,False
157-367,0.0,0.0024,0.0,0.0,False
157-406,-0.028527286061505504,4.411266666666666,-0.12584146609358385,0.0,False
157-408,0.0,0.0011333333333333334,0.0,0.0,False
160-295,-0.0,0.5721333333333334,-0.0,0.0,False
160-296,0.000106393172896831,29.604666666666667,0.003149734419219716,0.2222222222222222,False
160-297,0.0,1.1268,0.0,0.0,False
160-298,0.08792531166928264,158.84573333333333,13.96656061066909,0.7111111111111111,True
160-344,0.01653503744218786,30.3432,0.5017259481157947,0.7111111111111111,True
160-346,0.0496531323387413,130.5564,6.482534206869644,0.2222222222222222,False
160-363,-0.3242259973817967,63.617,-20.62628527543776,1.0,True
160-364,0.030868040937434643,88.32273333333333,2.7263497482394565,0.2,False
160-365,0.11115044814619122,83.462,9.276838703177413,0.37777777777777777,False
160-366,-0.08766320401579776,19.4898,-1.708538313627095,0.8,True
160-367,-0.536785407588213,50.251866666666665,-26.9744687307352,1.0,True
160-368,0.0,1.5684,0.0,0.0,False
160-370,0.0,0.13473333333333334,0.0,0.0,False
160-379,0.0,0.007866666666666666,0.0,0.0,False
160-381,-0.0,0.0254,-0.0,0.0,False
160-406,-0.0,0.51,-0.0,0.0,False
165-298,0.0,0.001,0.0,0.0,False
165-346,0.0,0.0002,0.0,0.0,False
165-363,-0.7899267081173705,3.5491333333333333,-2.8035552106696304,0.5555555555555556,True
165-364,0.5834905219518962,1.7132,0.9996359622079887,0.0,False
165-365,0.0,0.06473333333333334,0.0,0.0,False
165-366,0.0,0.299,0.0,0.0,False
165-367,-0.029371652231339328,25.277733333333334,-0.7424487926632005,0.4444444444444444,False
165-368,-0.08228954913001263,81.3642,-6.6954233333241735,0.5333333333333333,True
165-370,-0.2687400706310068,13.5712,-3.6471252465475192,0.9777777777777777,True
165-371,-0.0,2.4478,-0.0,0.0,False
165-374,0.26567868509159326,18.447133333333333,4.9010101277092994,0.7777777777777778,True
165-375,-0.0,0.31726666666666664,-0.0,0.0,False
165-377,-0.0,0.020066666666666667,-0.0,0.0,False
166-368,-0.0,11.1282,-0.0,0.0,False
166-370,-0.0,0.0007333333333333333,-0.0,0.0,False
166-374,-0.42623131108014,4.7498,-2.024513481368449,0.17777777777777778,False
166-375,0.0,0.0492,0.0,0.0,False
167-332,0.0,0.09353333333333333,0.0,0.0,False
167-363,-0.0,0.0028666666666666667,-0.0,0.0,False
167-364,-0.0,6.666666666666667e-05,-0.0,0.0,False
167-366,0.0,0.0116,0.0,0.0,False
167-367,-0.14446263395892162,2.535266666666667,-0.36625130045492205,0.0,False
167-368,0.2241017166804639,71.86886666666666,16.105936395879368,0.4888888888888889,False
167-370,-0.0,0.9230666666666667,-0.0,0.0,False
167-371,-0.0,0.6825333333333333,-0.0,0.0,False
167-374,-0.26278152012469747,52.389466666666664,-13.766983689188834,0.8222222222222222,True
167-375,-0.0,12.796533333333333,-0.0,0.044444444444444446,False
167-377,-0.0,1.0746,-0.0,0.0,False
167-390,-0.0,0.0148,-0.0,0.0,False
169-332,-0.5430413133326086,2.0229333333333335,-1.0985363741176453,0.8,True
169-364,0.0,0.0003333333333333333,0.0,0.0,False
169-365,0.0,0.061733333333333335,0.0,0.0,False
169-366,-0.0,5.669333333333333,-0.0,0.0,False
169-367,-0.7880746173033608,16.466333333333335,-12.976699340056241,1.0,True
169-368,-0.0,36.60706666666667,-0.0,0.15555555555555556,False
169-370,-0.0,0.0002,-0.0,0.0,False
169-374,-0.1593379071227767,24.3904,-3.886315289887373,0.8888888888888888,True
169-375,-0.3073279743997924,15.659933333333333,-4.8127355905691225,1.0,True
169-377,-0.0,21.939066666666665,-0.0,0.022222222222222223,False
169-379,-0.0,0.8838666666666667,-0.0,0.0,False
169-390,-0.0,0.40553333333333336,-0.0,0.0,False
170-332,0.0,3.042866666666667,0.0,0.08888888888888889,False
170-334,0.0,0.0008666666666666666,0.0,0.0,False
170-366,0.1234821258470618,1.7578666666666667,0.21706511295568837,0.0,False
170-367,0.0,1.2148666666666668,0.0,0.0,False
170-368,-0.0,1.151,-0.0,0.0,False
170-374,-0.0,3.3762,-0.0,0.0,False
170-375,0.0,1.8426,0.0,0.0,False
170-377,0.175920276947054,15.557133333333333,2.7368152045022454,0.022222222222222223,False
170-379,0.0,1.4035333333333333,0.0,0.0,False
170-390,0.0,0.0398,0.0,0.0,False
172-298,0.0,1.4498666666666666,0.0,0.0,False
172-332,0.0,0.0282,0.0,0.0,False
172-344,-0.0,0.04593333333333333,-0.0,0.0,False
172-346,0.0,10.978133333333334,0.0,0.0,False
172-363,0.26038960310915615,26.808066666666665,6.980541839457132,0.06666666666666667,False
172-364,-0.3715310324093431,63.35953333333333,-23.54003283230752,1.0,True
172-365,-0.07443168314270136,69.00866666666667,-5.1364312114336315,0.17777777777777778,False
172-366,-0.002609455358186372,105.64893333333333,-0.2756861751733415,0.6222222222222222,True
172-367,-0.0,139.24566666666666,-0.0,0.06666666666666667,False
172-368,0.04200697357508137,137.23726666666667,5.764922234383062,0.5111111111111111,True
172-370,0.06199388364443196,4.8144,0.2984633534177532,0.0,False
172-371,-0.0,0.08253333333333333,-0.0,0.0,False
172-374,-0.30565300284047553,15.134466666666667,-4.625895183055749,0.8444444444444444,True
172-375,0.15357705937402216,1.1272666666666666,0.1731222997970227,0.0,False
172-377,-0.0,32.952666666666666,-0.0,0.0,False
172-379,-0.24674347060163637,16.931733333333334,-4.17779464596808,0.9111111111111111,True
172-381,-0.0,0.011133333333333334,-0.0,0.0,False
70-298,0.0,0.0020666666666666667,0.0,0.0,False
70-332,-0.0,0.0036,-0.0,0.0,False
70-334,0.0,6.666666666666667e-05,0.0,0.0,False
70-344,-0.0,0.044333333333333336,-0.0,0.0,False
70-346,-0.0713120999732503,15.527333333333333,-1.1072867469846486,0.17777777777777778,False
70-363,-0.0,2.658933333333333,-0.0,0.0,False
70-364,-0.12347316935737604,46.3382,-5.721524416315963,1.0,True
70-365,-0.0007369874777148613,82.30626666666667,-0.06065868787079343,0.15555555555555556,False
70-366,-0.028777169759970647,107.42773333333334,-3.091466119062191,0.4222222222222222,False
70-367,-0.0525273177192668,110.1356,-5.785127653402081,0.9111111111111111,True
70-368,-0.12695523406027814,32.73393333333333,-4.155744168046874,0.4888888888888889,False
70-374,-0.0,0.22173333333333334,-0.0,0.0,False
70-375,0.0,0.0058,0.0,0.0,False
70-377,-0.2199141900290188,25.048466666666666,-5.508513258468876,0.6444444444444445,True
70-379,0.0,50.003933333333336,0.0,0.3333333333333333,False
70-381,-0.0,1.4299333333333333,-0.0,0.0,False
72-332,0.0,0.06753333333333333,0.0,0.0,False
72-334,0.0,0.0116,0.0,0.0,False
72-364,-0.0,0.115,-0.0,0.0,False
72-365,0.0,16.382066666666667,0.0,0.0,False
72-366,-0.1740997182621269,53.01506666666667,-9.229908170314541,0.35555555555555557,False
72-367,-0.4127923534576816,23.545,-9.719195962161114,0.4888888888888889,False
72-368,-0.0,0.9338666666666666,-0.0,0.0,False
72-374,0.0,0.004533333333333334,0.0,0.0,False
72-375,0.0,6.666666666666667e-05,0.0,0.0,False
72-377,-0.0,16.474,-0.0,0.0,False
72-379,0.2493305080913886,40.43353333333334,10.081313409930099,0.4,False
72-381,0.4213613817470073,4.762666666666667,2.0068038074670804,0.7333333333333333,True
75-332,-0.0,0.016866666666666665,-0.0,0.0,False
75-334,-0.0,0.09006666666666667,-0.0,0.0,False
75-338,0.0,0.36386666666666667,0.0,0.0,False
75-342,0.0,0.005866666666666667,0.0,0.0,False
75-344,0.0,0.0011333333333333334,0.0,0.0,False
75-365,-0.0,0.536,-0.0,0.0,False
75-366,-0.2318781731940632,9.318933333333334,-2.1608572374505957,0.7333333333333333,True
75-367,-0.0,0.04106666666666667,-0.0,0.0,False
75-377,0.0,0.39486666666666664,0.0,0.0,False
75-379,0.16986642161196994,25.434866666666668,4.320529784844241,0.26666666666666666,False
75-381,-0.05479543736163752,25.687733333333334,-1.407570582829115,0.3333333333333333,False
81-338,0.0,0.0002,0.0,0.0,False
81-342,0.0,0.0030666666666666668,0.0,0.0,False
81-379,0.0,0.0024,0.0,0.0,False
81-381,-0.15241681133888074,6.904533333333333,-1.05236695444968,0.3111111111111111,False
82-338,-0.0,0.018,-0.0,0.0,False
82-341,0.0,0.0009333333333333333,0.0,0.0,False
82-342,-0.22509598036097192,3.7987333333333333,-0.8550796037965694,0.3111111111111111,False
82-344,-0.0,0.4106,-0.0,0.0,False
82-365,0.0,0.0003333333333333333,0.0,0.0,False
82-366,-0.0,0.027866666666666668,-0.0,0.0,False
82-379,-0.0,0.03453333333333333,-0.0,0.0,False
82-381,0.12337964320177938,32.6316,4.026075165103184,0.2,False
84-298,-0.06645587696295753,5.077733333333334,-0.3374452216507082,0.0,False
84-338,0.0,0.0002666666666666667,0.0,0.0,False
84-341,0.0,0.047266666666666665,0.0,0.0,False
84-342,0.08617187740643867,14.404133333333334,1.241231211745997,0.3333333333333333,False
84-344,0.003908034172199117,192.59626666666668,0.7526727915713072,0.24444444444444444,False
84-346,-0.28710033494123255,138.8388,-39.860665982838796,1.0,True
84-363,-0.0,0.7643333333333333,-0.0,0.0,False
84-364,0.0,17.134933333333333,0.0,0.08888888888888889,False
84-365,0.2802642584890247,83.73913333333333,23.469086110180235,0.4222222222222222,False
84-366,0.07304063119930551,47.992,3.50536597251707,0.8666666666666667,True
84-367,0.11723649011273081,2.9563333333333333,0.34659014360326984,0.0,False
84-377,0.0,0.0011333333333333334,0.0,0.0,False
84-379,0.3044686461464186,7.3708,2.244177497016022,0.8,True
84-381,-0.06620432750389747,89.14693333333334,-5.9019127703681145,0.6888888888888889,True
84-406,0.10437288055173109,14.908866666666666,1.5560813597616854,0.06666666666666667,False
88-298,-0.0,0.10133333333333333,-0.0,0.0,False
88-341,0.0,0.0005333333333333334,0.0,0.0,False
88-342,-0.0,2.2702,-0.0,0.0,False
88-344,-0.3061082566722491,111.54646666666666,-34.14529444928248,1.0,True
88-346,-0.009668478963244354,12.720866666666666,-0.12299143176090298,0.28888888888888886,False
88-364,0.0,6.666666666666667e-05,0.0,0.0,False
88-365,-0.0,3.0424,-0.0,0.0,False
88-366,-0.0,0.04273333333333333,-0.0,0.0,False
88-381,-0.5297331390310586,3.2572666666666668,-1.725482095994566,0.7333333333333333,True
88-406,0.0,4.942666666666667,0.0,0.0,False
